Angie,Wilkinson,emmett.paucek@beatty.net,1-367-624-2596 x147,2017-07-21 16:45:29 -0500
Alexis,Mandela,yadira@windler.co,(809) 839-0673 x346,2017-07-21 16:45:29 -0500
Hosea,Collier,abcdef@abc.net,268.632.1747,2017-07-21 16:45:29 -0500
Macey,Swift,kacey.heaney@vonrueden.org,531.216.3746 x77124,2017-07-21 16:45:29 -0500
Brionna,Harris,lloyd_thompson@roob.net,(333) 693-8312,2017-07-21 16:45:29 -0500
Deondre,Crona,eulah_hodkiewicz@wintheiser.info,1-181-981-9098,2017-07-21 16:45:29 -0500
Jess,Cormier,naomie.jacobs@halvorson.org,1-101-960-2771 x3656,2017-07-21 16:45:29 -0500
Monroe,Bode,giovanna.macejkovic@smith.org,368.988.9160 x02276,2017-07-21 16:45:29 -0500
Jailyn,Stark,lonnie@halvorson.net,(827) 113-2835 x81772,2017-07-21 16:45:29 -0500
Hans,Kuhlman,kurtis_williamson@walterlittle.biz,(148) 539-2028,2017-07-21 16:45:29 -0500
